Category,Metric,Min,Median,Mean,Max
Scale,# Buffers,38,120,121.6173846,243
Scale,# Sinks,61,240,244.1895385,507
Hierarchy,Tree Depth,6,6,6,6
Hierarchy,Fanout,2.577777778,3,2.992421141,3.291338583
Area,Buffer Area,25.950976,85.86898,86.79053409,182.184424
Timing,SS Mean Path Delay,0.201504167,0.218487736,0.218453153,0.229247222
Timing,SS Maximum Path Delay,0.3381,0.3587,0.357977538,0.36
Timing,FF Mean Path Delay,0.049554054,0.057542035,0.057548053,0.067048485
Timing,FF Maximum Path Delay,0.0889,0.0994,0.0989802,0.1
